[{"name":" ","address":" Hillview Access Rd, Bharath Housing Society Layout, Subramanyapura ","city":" Bangalore ","state":" Karnataka ","ramp":" y ","ground":" n ","library":" y ","toilet":" n ","water":" y "},{"name":" Oakridge School ","address":" 110 & 2A/8, 2nd Main Rd, Poorna Pragna Layout, Srinivasa Nagar, Banashankari ","city":" Bangalore ","state":" Karnataka ","ramp":" n ","ground":" n ","library":" y ","toilet":" n ","water":" y "},{"name":" Prarthana School ","address":" Dr Vishnuvardhan Rd, Poornapragna Housing Society Layout ","city":" Bangalore ","state":" Karnataka ","ramp":" n ","ground":" y ","library":" n ","toilet":" n ","water":" y "},{"name":" Greenwood High School ","address":" 85, 1st Cross Rd, Giripuram, Sidhartha Nagar, Cottonpet ","city":" Bangalore ","state":" Karnataka ","ramp":" n ","ground":" n ","library":" n ","toilet":" y ","water":" n "}]
